name,x,y,z
Reservoir-1,"356562.978937499225140","400117.103999998420477","21.6"
