diameter,end,minorLoss,name,setting,start,type
"150.000000000000000",Junction-591522,"2.000000000000000",Valve-1,"1.800000000000000",Junction-591521,PRV
"100.000000000000000",Junction-26220,"0.050000000000000",Valve-2,"2.000000000000000",Junction-36094,PBV
"250.000000000000000",Junction-456851,"0.050000000000000",Valve-3,"7.800000000000000",Junction-591529,PRV
